{"cameraMode":{"drawMode":2,"name":"Shaded Wireframe","section":"Shading Mode"},"sceneLighting":false,"audioPlay":false,"sceneViewState":{"showFog":true,"showMaterialUpdate":false,"showSkybox":true,"showFlares":true,"showImageEffects":true,"showParticleSystems":true},"in2DMode":false,"pivot":{"x":67.10658264160156,"y":4.408607482910156,"z":37.57943344116211},"rotation":{"x":0.10575327277183533,"y":0.724823534488678,"z":-0.11424785852432251,"w":0.6711758375167847},"size":9.102082252502442,"orthographic":false}