{"cameraMode":{"drawMode":2,"name":"Shaded Wireframe","section":"Shading Mode"},"sceneLighting":false,"audioPlay":false,"sceneViewState":{"showFog":true,"showMaterialUpdate":false,"showSkybox":true,"showFlares":true,"showImageEffects":true,"showParticleSystems":true},"in2DMode":false,"pivot":{"x":66.43913269042969,"y":5.357578277587891,"z":39.54158401489258},"rotation":{"x":0.06813189387321472,"y":0.8992457389831543,"z":-0.1514216661453247,"w":0.4048062860965729},"size":2.1884677410125734,"orthographic":false}