{"cameraMode":{"drawMode":2,"name":"Shaded Wireframe","section":"Shading Mode"},"sceneLighting":false,"audioPlay":false,"sceneViewState":{"showFog":true,"showMaterialUpdate":false,"showSkybox":true,"showFlares":true,"showImageEffects":true,"showParticleSystems":true},"in2DMode":false,"pivot":{"x":25.091693878173829,"y":19.58774185180664,"z":34.69320297241211},"rotation":{"x":0.1820942610502243,"y":0.5603594183921814,"z":-0.12789659202098847,"w":0.7978089451789856},"size":4.041658401489258,"orthographic":false}