{"cameraMode":{"drawMode":2,"name":"Shaded Wireframe","section":"Shading Mode"},"sceneLighting":false,"audioPlay":false,"sceneViewState":{"showFog":true,"showMaterialUpdate":false,"showSkybox":true,"showFlares":true,"showImageEffects":true,"showParticleSystems":true},"in2DMode":false,"pivot":{"x":62.77888107299805,"y":6.129319667816162,"z":36.18079376220703},"rotation":{"x":-0.12962353229522706,"y":-0.4285886287689209,"z":0.06229039654135704,"w":-0.8920159935951233},"size":0.4679432511329651,"orthographic":false}