{"cameraMode":{"drawMode":2,"name":"Shaded Wireframe","section":"Shading Mode"},"sceneLighting":false,"audioPlay":false,"sceneViewState":{"showFog":true,"showMaterialUpdate":false,"showSkybox":true,"showFlares":true,"showImageEffects":true,"showParticleSystems":true},"in2DMode":false,"pivot":{"x":29.804203033447267,"y":-0.7827348709106445,"z":22.440155029296876},"rotation":{"x":0.1410849392414093,"y":0.8323484659194946,"z":-0.24686722457408906,"w":0.4758082628250122},"size":13.400638580322266,"orthographic":false}