{"cameraMode":{"drawMode":2,"name":"Shaded Wireframe","section":"Shading Mode"},"sceneLighting":false,"audioPlay":false,"sceneViewState":{"showFog":true,"showMaterialUpdate":false,"showSkybox":true,"showFlares":true,"showImageEffects":true,"showParticleSystems":true},"in2DMode":false,"pivot":{"x":39.12144470214844,"y":-3.1134719848632814,"z":28.912912368774415},"rotation":{"x":0.14638802409172059,"y":0.5387585759162903,"z":-0.0957278236746788,"w":0.8241310119628906},"size":23.272010803222658,"orthographic":false}